Medicine,Symptoms Treated,Dosages,Notes,Amazon_Link,1mg_Link,Apollo_Link,Buying_Link
Acetaminophen (Paracetamol),Fever|Headache,500-1000 mg every 4-6 hours|500-1000 mg every 4-6 hours,Max 4000 mg/day; take with water|Max 4000 mg/day; avoid alcohol,https://www.amazon.in/s?k=Acetaminophen+(Paracetamol),https://www.1mg.com/search/all?name=Acetaminophen%20(Paracetamol),https://www.apollopharmacy.in/search-result?searchText=Acetaminophen%20(Paracetamol),https://www.1mg.com/search/all?name=Acetaminophen+(Paracetamol)
Ibuprofen,Headache|Fever,200-400 mg every 6-8 hours|200-400 mg every 6-8 hours,Max 3200 mg/day; take with food|Max 3200 mg/day; reduce inflammation,https://www.amazon.in/s?k=Ibuprofen,https://www.1mg.com/search/all?name=Ibuprofen,https://www.apollopharmacy.in/search-result?searchText=Ibuprofen,https://www.1mg.com/search/all?name=Ibuprofen
Naproxen,Muscle Pain|Fever,250-500 mg every 12 hours|250-500 mg every 12 hours,Max 1500 mg/day; take with food|Max 1500 mg/day; anti-inflammatory,https://www.amazon.in/s?k=Naproxen,https://www.1mg.com/search/all?name=Naproxen,https://www.apollopharmacy.in/search-result?searchText=Naproxen,https://www.1mg.com/search/all?name=Naproxen
Aspirin,Headache|Fever,325-650 mg every 4-6 hours|325-650 mg every 4-6 hours,Max 4000 mg/day; take with food|Max 4000 mg/day; avoid in kids,https://www.amazon.in/s?k=Aspirin,https://www.1mg.com/search/all?name=Aspirin,https://www.apollopharmacy.in/search-result?searchText=Aspirin,https://www.1mg.com/search/all?name=Aspirin
Dextromethorphan,Dry cough,10-20 mg every 4 hours,Avoid in chronic cough; hydrate,https://www.amazon.in/s?k=Dextromethorphan,https://www.1mg.com/search/all?name=Dextromethorphan,https://www.apollopharmacy.in/search-result?searchText=Dextromethorphan,https://www.1mg.com/search/all?name=Dextromethorphan
Guaifenesin,Wet cough,200-400 mg every 4 hours,Max 2400 mg/day; drink fluids,https://www.amazon.in/s?k=Guaifenesin,https://www.1mg.com/search/all?name=Guaifenesin,https://www.apollopharmacy.in/search-result?searchText=Guaifenesin,https://www.1mg.com/search/all?name=Guaifenesin
Pseudoephedrine,Nasal Congestion,60 mg every 4-6 hours,Max 240 mg/day; avoid if hypertensive,https://www.amazon.in/s?k=Pseudoephedrine,https://www.1mg.com/search/all?name=Pseudoephedrine,https://www.apollopharmacy.in/search-result?searchText=Pseudoephedrine,https://www.1mg.com/search/all?name=Pseudoephedrine
Cetirizine,Allergies,10 mg once daily,May cause drowsiness,https://www.amazon.in/s?k=Cetirizine,https://www.1mg.com/search/all?name=Cetirizine,https://www.apollopharmacy.in/search-result?searchText=Cetirizine,https://www.1mg.com/search/all?name=Cetirizine
Omeprazole,Stomach Ache (Acid),20 mg once daily,Take before meals; max 8 weeks,https://www.amazon.in/s?k=Omeprazole,https://www.1mg.com/search/all?name=Omeprazole,https://www.apollopharmacy.in/search-result?searchText=Omeprazole,https://www.1mg.com/search/all?name=Omeprazole
Loperamide,Diarrhea,"4 mg initially, then 2 mg",Max 16 mg/day; hydrate well,https://www.amazon.in/s?k=Loperamide,https://www.1mg.com/search/all?name=Loperamide,https://www.apollopharmacy.in/search-result?searchText=Loperamide,https://www.1mg.com/search/all?name=Loperamide
Diclofenac,Muscle Pain,50 mg every 8 hours,Max 150 mg/day; take with food,https://www.amazon.in/s?k=Diclofenac,https://www.1mg.com/search/all?name=Diclofenac,https://www.apollopharmacy.in/search-result?searchText=Diclofenac,https://www.1mg.com/search/all?name=Diclofenac
Codeine,Cough (Dry),10-20 mg every 4-6 hours,Prescription only; may cause drowsiness,https://www.amazon.in/s?k=Codeine,https://www.1mg.com/search/all?name=Codeine,https://www.apollopharmacy.in/search-result?searchText=Codeine,https://www.1mg.com/search/all?name=Codeine
Oxymetazoline,Nasal Congestion,2-3 sprays per nostril every 12 hours,Max 3 days; avoid overuse,https://www.amazon.in/s?k=Oxymetazoline,https://www.1mg.com/search/all?name=Oxymetazoline,https://www.apollopharmacy.in/search-result?searchText=Oxymetazoline,https://www.1mg.com/search/all?name=Oxymetazoline
Loratadine,Allergies,10 mg once daily,Non-drowsy; take on empty stomach,https://www.amazon.in/s?k=Loratadine,https://www.1mg.com/search/all?name=Loratadine,https://www.apollopharmacy.in/search-result?searchText=Loratadine,https://www.1mg.com/search/all?name=Loratadine
Simethicone,Stomach Ache,80-160 mg after meals,Max 500 mg/day; for gas relief,https://www.amazon.in/s?k=Simethicone,https://www.1mg.com/search/all?name=Simethicone,https://www.apollopharmacy.in/search-result?searchText=Simethicone,https://www.1mg.com/search/all?name=Simethicone
Bismuth Subsalicylate,Diarrhea,524 mg every 30-60 minutes,Max 8 doses/day; avoid in fever,https://www.amazon.in/s?k=Bismuth+Subsalicylate,https://www.1mg.com/search/all?name=Bismuth%20Subsalicylate,https://www.apollopharmacy.in/search-result?searchText=Bismuth%20Subsalicylate,https://www.1mg.com/search/all?name=Bismuth+Subsalicylate
Benzocaine,Sore Throat,1 lozenge every 2 hours,Max 10/day; numbs throat,https://www.amazon.in/s?k=Benzocaine,https://www.1mg.com/search/all?name=Benzocaine,https://www.apollopharmacy.in/search-result?searchText=Benzocaine,https://www.1mg.com/search/all?name=Benzocaine
Diphenhydramine,Insomnia,25-50 mg at bedtime,May cause drowsiness next day,https://www.amazon.in/s?k=Diphenhydramine,https://www.1mg.com/search/all?name=Diphenhydramine,https://www.apollopharmacy.in/search-result?searchText=Diphenhydramine,https://www.1mg.com/search/all?name=Diphenhydramine
Docusate,Constipation,100 mg twice daily,Max 300 mg/day; drink water,https://www.amazon.in/s?k=Docusate,https://www.1mg.com/search/all?name=Docusate,https://www.apollopharmacy.in/search-result?searchText=Docusate,https://www.1mg.com/search/all?name=Docusate
Ranitidine,Heartburn,150 mg twice daily,Max 300 mg/day; take before meals,https://www.amazon.in/s?k=Ranitidine,https://www.1mg.com/search/all?name=Ranitidine,https://www.apollopharmacy.in/search-result?searchText=Ranitidine,https://www.1mg.com/search/all?name=Ranitidine
Ondansetron,Nausea,8 mg every 8 hours,Prescription; max 24 mg/day,https://www.amazon.in/s?k=Ondansetron,https://www.1mg.com/search/all?name=Ondansetron,https://www.apollopharmacy.in/search-result?searchText=Ondansetron,https://www.1mg.com/search/all?name=Ondansetron
Fexofenadine,Allergies,180 mg once daily,Non-drowsy; avoid with juice,https://www.amazon.in/s?k=Fexofenadine,https://www.1mg.com/search/all?name=Fexofenadine,https://www.apollopharmacy.in/search-result?searchText=Fexofenadine,https://www.1mg.com/search/all?name=Fexofenadine
Ambroxol,Cough (Wet),30 mg three times daily,Max 90 mg/day; expectorant,https://www.amazon.in/s?k=Ambroxol,https://www.1mg.com/search/all?name=Ambroxol,https://www.apollopharmacy.in/search-result?searchText=Ambroxol,https://www.1mg.com/search/all?name=Ambroxol
Chlorhexidine,Sore Throat,10 mL rinse twice daily,Do not swallow; antimicrobial,https://www.amazon.in/s?k=Chlorhexidine,https://www.1mg.com/search/all?name=Chlorhexidine,https://www.apollopharmacy.in/search-result?searchText=Chlorhexidine,https://www.1mg.com/search/all?name=Chlorhexidine
Cyclobenzaprine,Muscle Pain,5-10 mg three times daily,Prescription; max 30 mg/day,https://www.amazon.in/s?k=Cyclobenzaprine,https://www.1mg.com/search/all?name=Cyclobenzaprine,https://www.apollopharmacy.in/search-result?searchText=Cyclobenzaprine,https://www.1mg.com/search/all?name=Cyclobenzaprine
Racecadotril,Diarrhea,100 mg three times daily,Max 300 mg/day; reduces secretions,https://www.amazon.in/s?k=Racecadotril,https://www.1mg.com/search/all?name=Racecadotril,https://www.apollopharmacy.in/search-result?searchText=Racecadotril,https://www.1mg.com/search/all?name=Racecadotril
Phenylephrine,Nasal Congestion,10 mg every 4 hours,Max 60 mg/day; avoid in hypertension,https://www.amazon.in/s?k=Phenylephrine,https://www.1mg.com/search/all?name=Phenylephrine,https://www.apollopharmacy.in/search-result?searchText=Phenylephrine,https://www.1mg.com/search/all?name=Phenylephrine
Montelukast,Allergies,10 mg once daily,For asthma/allergies; evening dose,https://www.amazon.in/s?k=Montelukast,https://www.1mg.com/search/all?name=Montelukast,https://www.apollopharmacy.in/search-result?searchText=Montelukast,https://www.1mg.com/search/all?name=Montelukast
Hyoscine,Stomach Ache (Cramps),10-20 mg up to 4 times daily,Max 80 mg/day; antispasmodic,https://www.amazon.in/s?k=Hyoscine,https://www.1mg.com/search/all?name=Hyoscine,https://www.apollopharmacy.in/search-result?searchText=Hyoscine,https://www.1mg.com/search/all?name=Hyoscine
Melatonin,Insomnia,1-5 mg at bedtime,Adjust as needed; non-habit forming,https://www.amazon.in/s?k=Melatonin,https://www.1mg.com/search/all?name=Melatonin,https://www.apollopharmacy.in/search-result?searchText=Melatonin,https://www.1mg.com/search/all?name=Melatonin
Bisacodyl,Constipation,5-10 mg at bedtime,Max 30 mg/day; laxative,https://www.amazon.in/s?k=Bisacodyl,https://www.1mg.com/search/all?name=Bisacodyl,https://www.apollopharmacy.in/search-result?searchText=Bisacodyl,https://www.1mg.com/search/all?name=Bisacodyl
Famotidine,Heartburn,20 mg twice daily,Max 40 mg/day; take before meals,https://www.amazon.in/s?k=Famotidine,https://www.1mg.com/search/all?name=Famotidine,https://www.apollopharmacy.in/search-result?searchText=Famotidine,https://www.1mg.com/search/all?name=Famotidine
Meclizine,Nausea,25-50 mg every 24 hours,Max 50 mg/day; motion sickness,https://www.amazon.in/s?k=Meclizine,https://www.1mg.com/search/all?name=Meclizine,https://www.apollopharmacy.in/search-result?searchText=Meclizine,https://www.1mg.com/search/all?name=Meclizine
Sumatriptan,Headache,50-100 mg at onset,Max 200 mg/day; migraine-specific,https://www.amazon.in/s?k=Sumatriptan,https://www.1mg.com/search/all?name=Sumatriptan,https://www.apollopharmacy.in/search-result?searchText=Sumatriptan,https://www.1mg.com/search/all?name=Sumatriptan
Levodropropizine,Cough (Dry),60 mg three times daily,Max 180 mg/day; non-opioid,https://www.amazon.in/s?k=Levodropropizine,https://www.1mg.com/search/all?name=Levodropropizine,https://www.apollopharmacy.in/search-result?searchText=Levodropropizine,https://www.1mg.com/search/all?name=Levodropropizine
Flurbiprofen,Sore Throat,8.75 mg lozenge every 3-6 hours,Max 5/day; anti-inflammatory,https://www.amazon.in/s?k=Flurbiprofen,https://www.1mg.com/search/all?name=Flurbiprofen,https://www.apollopharmacy.in/search-result?searchText=Flurbiprofen,https://www.1mg.com/search/all?name=Flurbiprofen
Methocarbamol,Muscle Pain,1500 mg four times daily,Max 6000 mg/day; muscle relaxant,https://www.amazon.in/s?k=Methocarbamol,https://www.1mg.com/search/all?name=Methocarbamol,https://www.apollopharmacy.in/search-result?searchText=Methocarbamol,https://www.1mg.com/search/all?name=Methocarbamol
Saline Spray,Nasal Congestion,2-3 sprays per nostril as needed,Safe for all ages; hydrates,https://www.amazon.in/s?k=Saline+Spray,https://www.1mg.com/search/all?name=Saline%20Spray,https://www.apollopharmacy.in/search-result?searchText=Saline%20Spray,https://www.1mg.com/search/all?name=Saline+Spray
Desloratadine,Allergies,5 mg once daily,Non-drowsy; take with or without food,https://www.amazon.in/s?k=Desloratadine,https://www.1mg.com/search/all?name=Desloratadine,https://www.apollopharmacy.in/search-result?searchText=Desloratadine,https://www.1mg.com/search/all?name=Desloratadine
Lansoprazole,Stomach Ache,15-30 mg once daily,Max 30 mg/day; for acid reflux,https://www.amazon.in/s?k=Lansoprazole,https://www.1mg.com/search/all?name=Lansoprazole,https://www.apollopharmacy.in/search-result?searchText=Lansoprazole,https://www.1mg.com/search/all?name=Lansoprazole
Attapulgite,Diarrhea,600-1200 mg after each stool,Max 8400 mg/day; absorbent,https://www.amazon.in/s?k=Attapulgite,https://www.1mg.com/search/all?name=Attapulgite,https://www.apollopharmacy.in/search-result?searchText=Attapulgite,https://www.1mg.com/search/all?name=Attapulgite
Zolpidem,Insomnia,5-10 mg at bedtime,Prescription; max 10 mg/day,https://www.amazon.in/s?k=Zolpidem,https://www.1mg.com/search/all?name=Zolpidem,https://www.apollopharmacy.in/search-result?searchText=Zolpidem,https://www.1mg.com/search/all?name=Zolpidem
Psyllium,Constipation,1-2 tbsp daily with water,Max 30 g/day; fiber supplement,https://www.amazon.in/s?k=Psyllium,https://www.1mg.com/search/all?name=Psyllium,https://www.apollopharmacy.in/search-result?searchText=Psyllium,https://www.1mg.com/search/all?name=Psyllium
Esomeprazole,Heartburn,20-40 mg once daily,Max 40 mg/day; take before meals,https://www.amazon.in/s?k=Esomeprazole,https://www.1mg.com/search/all?name=Esomeprazole,https://www.apollopharmacy.in/search-result?searchText=Esomeprazole,https://www.1mg.com/search/all?name=Esomeprazole
Promethazine,Nausea,12.5-25 mg every 4-6 hours,Max 100 mg/day; may cause drowsiness,https://www.amazon.in/s?k=Promethazine,https://www.1mg.com/search/all?name=Promethazine,https://www.apollopharmacy.in/search-result?searchText=Promethazine,https://www.1mg.com/search/all?name=Promethazine
Caffeine + Acetaminophen,Headache,200 mg + 500 mg every 6 hours,Max 4000 mg acetaminophen/day,https://www.amazon.in/s?k=Caffeine+++Acetaminophen,https://www.1mg.com/search/all?name=Caffeine%20+%20Acetaminophen,https://www.apollopharmacy.in/search-result?searchText=Caffeine%20+%20Acetaminophen,https://www.1mg.com/search/all?name=Caffeine+++Acetaminophen
Ketorolac,Fever,10 mg every 6 hours,Prescription; max 40 mg/day,https://www.amazon.in/s?k=Ketorolac,https://www.1mg.com/search/all?name=Ketorolac,https://www.apollopharmacy.in/search-result?searchText=Ketorolac,https://www.1mg.com/search/all?name=Ketorolac
Acetylcysteine,Cough (Wet),600 mg once daily,Max 1200 mg/day; mucus thinner,https://www.amazon.in/s?k=Acetylcysteine,https://www.1mg.com/search/all?name=Acetylcysteine,https://www.apollopharmacy.in/search-result?searchText=Acetylcysteine,https://www.1mg.com/search/all?name=Acetylcysteine
Amoxicillin,Sore Throat,500 mg three times daily,Prescription; for bacterial infection,https://www.amazon.in/s?k=Amoxicillin,https://www.1mg.com/search/all?name=Amoxicillin,https://www.apollopharmacy.in/search-result?searchText=Amoxicillin,https://www.1mg.com/search/all?name=Amoxicillin
Tizanidine,Muscle Pain,2-4 mg three times daily,Max 36 mg/day; muscle relaxant,https://www.amazon.in/s?k=Tizanidine,https://www.1mg.com/search/all?name=Tizanidine,https://www.apollopharmacy.in/search-result?searchText=Tizanidine,https://www.1mg.com/search/all?name=Tizanidine
Xylometazoline,Nasal Congestion,2-3 drops per nostril every 8-12 hours,Max 3 days; decongestant,https://www.amazon.in/s?k=Xylometazoline,https://www.1mg.com/search/all?name=Xylometazoline,https://www.apollopharmacy.in/search-result?searchText=Xylometazoline,https://www.1mg.com/search/all?name=Xylometazoline
Budesonide,Allergies,1-2 sprays per nostril daily,Max 4 sprays/day; nasal steroid,https://www.amazon.in/s?k=Budesonide,https://www.1mg.com/search/all?name=Budesonide,https://www.apollopharmacy.in/search-result?searchText=Budesonide,https://www.1mg.com/search/all?name=Budesonide
Dicyclomine,Stomach Ache,20 mg four times daily,Max 80 mg/day; antispasmodic,https://www.amazon.in/s?k=Dicyclomine,https://www.1mg.com/search/all?name=Dicyclomine,https://www.apollopharmacy.in/search-result?searchText=Dicyclomine,https://www.1mg.com/search/all?name=Dicyclomine
Diphenoxylate,Diarrhea,2.5 mg up to 4 times daily,Prescription; max 20 mg/day,https://www.amazon.in/s?k=Diphenoxylate,https://www.1mg.com/search/all?name=Diphenoxylate,https://www.apollopharmacy.in/search-result?searchText=Diphenoxylate,https://www.1mg.com/search/all?name=Diphenoxylate
Trazodone,Insomnia,25-100 mg at bedtime,Prescription; off-label for sleep,https://www.amazon.in/s?k=Trazodone,https://www.1mg.com/search/all?name=Trazodone,https://www.apollopharmacy.in/search-result?searchText=Trazodone,https://www.1mg.com/search/all?name=Trazodone
Lactulose,Constipation,15-30 mL daily,Max 60 mL/day; osmotic laxative,https://www.amazon.in/s?k=Lactulose,https://www.1mg.com/search/all?name=Lactulose,https://www.apollopharmacy.in/search-result?searchText=Lactulose,https://www.1mg.com/search/all?name=Lactulose
Pantoprazole,Heartburn,40 mg once daily,Max 40 mg/day; take before meals,https://www.amazon.in/s?k=Pantoprazole,https://www.1mg.com/search/all?name=Pantoprazole,https://www.apollopharmacy.in/search-result?searchText=Pantoprazole,https://www.1mg.com/search/all?name=Pantoprazole
Metoclopramide,Nausea,10 mg up to 4 times daily,Max 40 mg/day; prokinetic,https://www.amazon.in/s?k=Metoclopramide,https://www.1mg.com/search/all?name=Metoclopramide,https://www.apollopharmacy.in/search-result?searchText=Metoclopramide,https://www.1mg.com/search/all?name=Metoclopramide
Eletriptan,Headache,20-40 mg at onset,Max 80 mg/day; migraine-specific,https://www.amazon.in/s?k=Eletriptan,https://www.1mg.com/search/all?name=Eletriptan,https://www.apollopharmacy.in/search-result?searchText=Eletriptan,https://www.1mg.com/search/all?name=Eletriptan
Mefenamic Acid,Fever,"500 mg initially, then 250 mg every 6 hours",Max 1500 mg/day,https://www.amazon.in/s?k=Mefenamic+Acid,https://www.1mg.com/search/all?name=Mefenamic%20Acid,https://www.apollopharmacy.in/search-result?searchText=Mefenamic%20Acid,https://www.1mg.com/search/all?name=Mefenamic+Acid
Pholcodine,Cough (Dry),5-10 mg three times daily,Max 60 mg/day; cough suppressant,https://www.amazon.in/s?k=Pholcodine,https://www.1mg.com/search/all?name=Pholcodine,https://www.apollopharmacy.in/search-result?searchText=Pholcodine,https://www.1mg.com/search/all?name=Pholcodine
Strepsils,Sore Throat,1 lozenge every 2-3 hours,Max 8/day; soothing effect,https://www.amazon.in/s?k=Strepsils,https://www.1mg.com/search/all?name=Strepsils,https://www.apollopharmacy.in/search-result?searchText=Strepsils,https://www.1mg.com/search/all?name=Strepsils
Baclofen,Muscle Pain,5-20 mg three times daily,Max 80 mg/day; prescription,https://www.amazon.in/s?k=Baclofen,https://www.1mg.com/search/all?name=Baclofen,https://www.apollopharmacy.in/search-result?searchText=Baclofen,https://www.1mg.com/search/all?name=Baclofen
Ipratropium,Nasal Congestion,2 sprays per nostril 2-3 times daily,Max 6 sprays/day; reduces runny nose,https://www.amazon.in/s?k=Ipratropium,https://www.1mg.com/search/all?name=Ipratropium,https://www.apollopharmacy.in/search-result?searchText=Ipratropium,https://www.1mg.com/search/all?name=Ipratropium
Levocetirizine,Allergies,5 mg once daily,May cause mild drowsiness,https://www.amazon.in/s?k=Levocetirizine,https://www.1mg.com/search/all?name=Levocetirizine,https://www.apollopharmacy.in/search-result?searchText=Levocetirizine,https://www.1mg.com/search/all?name=Levocetirizine
Rifaximin,Stomach Ache,200-400 mg three times daily,Prescription; for IBS,https://www.amazon.in/s?k=Rifaximin,https://www.1mg.com/search/all?name=Rifaximin,https://www.apollopharmacy.in/search-result?searchText=Rifaximin,https://www.1mg.com/search/all?name=Rifaximin
Saccharomyces Boulardii,Diarrhea,250-500 mg daily,Probiotic; supports gut health,https://www.amazon.in/s?k=Saccharomyces+Boulardii,https://www.1mg.com/search/all?name=Saccharomyces%20Boulardii,https://www.apollopharmacy.in/search-result?searchText=Saccharomyces%20Boulardii,https://www.1mg.com/search/all?name=Saccharomyces+Boulardii
Eszopiclone,Insomnia,1-3 mg at bedtime,Prescription; max 3 mg/day,https://www.amazon.in/s?k=Eszopiclone,https://www.1mg.com/search/all?name=Eszopiclone,https://www.apollopharmacy.in/search-result?searchText=Eszopiclone,https://www.1mg.com/search/all?name=Eszopiclone
Magnesium Citrate,Constipation,150-300 mL once daily,Max 300 mL/day; saline laxative,https://www.amazon.in/s?k=Magnesium+Citrate,https://www.1mg.com/search/all?name=Magnesium%20Citrate,https://www.apollopharmacy.in/search-result?searchText=Magnesium%20Citrate,https://www.1mg.com/search/all?name=Magnesium+Citrate
Cimetidine,Heartburn,400 mg twice daily,Max 800 mg/day; take with meals,https://www.amazon.in/s?k=Cimetidine,https://www.1mg.com/search/all?name=Cimetidine,https://www.apollopharmacy.in/search-result?searchText=Cimetidine,https://www.1mg.com/search/all?name=Cimetidine
Dimenhydrinate,Nausea,50-100 mg every 4-6 hours,Max 400 mg/day; motion sickness,https://www.amazon.in/s?k=Dimenhydrinate,https://www.1mg.com/search/all?name=Dimenhydrinate,https://www.apollopharmacy.in/search-result?searchText=Dimenhydrinate,https://www.1mg.com/search/all?name=Dimenhydrinate
Naratriptan,Headache,1-2.5 mg at onset,Max 5 mg/day; migraine-specific,https://www.amazon.in/s?k=Naratriptan,https://www.1mg.com/search/all?name=Naratriptan,https://www.apollopharmacy.in/search-result?searchText=Naratriptan,https://www.1mg.com/search/all?name=Naratriptan
Celecoxib,Fever,200 mg once daily,Max 400 mg/day; prescription,https://www.amazon.in/s?k=Celecoxib,https://www.1mg.com/search/all?name=Celecoxib,https://www.apollopharmacy.in/search-result?searchText=Celecoxib,https://www.1mg.com/search/all?name=Celecoxib
Bromhexine,Cough (Wet),8 mg three times daily,Max 24 mg/day; expectorant,https://www.amazon.in/s?k=Bromhexine,https://www.1mg.com/search/all?name=Bromhexine,https://www.apollopharmacy.in/search-result?searchText=Bromhexine,https://www.1mg.com/search/all?name=Bromhexine
Penicillin V,Sore Throat,500 mg twice daily,Prescription; for strep throat,https://www.amazon.in/s?k=Penicillin+V,https://www.1mg.com/search/all?name=Penicillin%20V,https://www.apollopharmacy.in/search-result?searchText=Penicillin%20V,https://www.1mg.com/search/all?name=Penicillin+V
Orphenadrine,Muscle Pain,100 mg twice daily,Max 200 mg/day; muscle relaxant,https://www.amazon.in/s?k=Orphenadrine,https://www.1mg.com/search/all?name=Orphenadrine,https://www.apollopharmacy.in/search-result?searchText=Orphenadrine,https://www.1mg.com/search/all?name=Orphenadrine
Azelastine,Nasal Congestion,1-2 sprays per nostril twice daily,Max 4 sprays/day; antihistamine,https://www.amazon.in/s?k=Azelastine,https://www.1mg.com/search/all?name=Azelastine,https://www.apollopharmacy.in/search-result?searchText=Azelastine,https://www.1mg.com/search/all?name=Azelastine
Cromolyn Sodium,Allergies,2 sprays per nostril 4 times daily,Max 8 sprays/day; mast cell stabilizer,https://www.amazon.in/s?k=Cromolyn+Sodium,https://www.1mg.com/search/all?name=Cromolyn%20Sodium,https://www.apollopharmacy.in/search-result?searchText=Cromolyn%20Sodium,https://www.1mg.com/search/all?name=Cromolyn+Sodium
Trimebutine,Stomach Ache,100-200 mg three times daily,Max 600 mg/day; regulates motility,https://www.amazon.in/s?k=Trimebutine,https://www.1mg.com/search/all?name=Trimebutine,https://www.apollopharmacy.in/search-result?searchText=Trimebutine,https://www.1mg.com/search/all?name=Trimebutine
Kaolin-Pectin,Diarrhea,60-120 mL after each stool,Max 6 doses/day; absorbent,https://www.amazon.in/s?k=Kaolin-Pectin,https://www.1mg.com/search/all?name=Kaolin-Pectin,https://www.apollopharmacy.in/search-result?searchText=Kaolin-Pectin,https://www.1mg.com/search/all?name=Kaolin-Pectin
Ramelteon,Insomnia,8 mg at bedtime,Max 8 mg/day; non-habit forming,https://www.amazon.in/s?k=Ramelteon,https://www.1mg.com/search/all?name=Ramelteon,https://www.apollopharmacy.in/search-result?searchText=Ramelteon,https://www.1mg.com/search/all?name=Ramelteon
Polyethylene Glycol,Constipation,17 g daily in water,Max 34 g/day; osmotic laxative,https://www.amazon.in/s?k=Polyethylene+Glycol,https://www.1mg.com/search/all?name=Polyethylene%20Glycol,https://www.apollopharmacy.in/search-result?searchText=Polyethylene%20Glycol,https://www.1mg.com/search/all?name=Polyethylene+Glycol
Alginic Acid,Heartburn,10-20 mL after meals,Max 80 mL/day; barrier for reflux,https://www.amazon.in/s?k=Alginic+Acid,https://www.1mg.com/search/all?name=Alginic%20Acid,https://www.apollopharmacy.in/search-result?searchText=Alginic%20Acid,https://www.1mg.com/search/all?name=Alginic+Acid
Prochlorperazine,Nausea,5-10 mg 3-4 times daily,Max 40 mg/day; prescription,https://www.amazon.in/s?k=Prochlorperazine,https://www.1mg.com/search/all?name=Prochlorperazine,https://www.apollopharmacy.in/search-result?searchText=Prochlorperazine,https://www.1mg.com/search/all?name=Prochlorperazine
Rizatriptan,Headache,5-10 mg at onset,Max 30 mg/day; migraine-specific,https://www.amazon.in/s?k=Rizatriptan,https://www.1mg.com/search/all?name=Rizatriptan,https://www.apollopharmacy.in/search-result?searchText=Rizatriptan,https://www.1mg.com/search/all?name=Rizatriptan
Indomethacin,Fever,25-50 mg 2-3 times daily,Max 200 mg/day; prescription,https://www.amazon.in/s?k=Indomethacin,https://www.1mg.com/search/all?name=Indomethacin,https://www.apollopharmacy.in/search-result?searchText=Indomethacin,https://www.1mg.com/search/all?name=Indomethacin
Benzoate,Cough (Dry),100-200 mg three times daily,Max 600 mg/day; cough suppressant,https://www.amazon.in/s?k=Benzoate,https://www.1mg.com/search/all?name=Benzoate,https://www.apollopharmacy.in/search-result?searchText=Benzoate,https://www.1mg.com/search/all?name=Benzoate
Lidocaine,Sore Throat,15 mL rinse every 3 hours,Max 6 doses/day; numbs throat,https://www.amazon.in/s?k=Lidocaine,https://www.1mg.com/search/all?name=Lidocaine,https://www.apollopharmacy.in/search-result?searchText=Lidocaine,https://www.1mg.com/search/all?name=Lidocaine
Carisoprodol,Muscle Pain,250-350 mg three times daily,Max 1400 mg/day; prescription,https://www.amazon.in/s?k=Carisoprodol,https://www.1mg.com/search/all?name=Carisoprodol,https://www.apollopharmacy.in/search-result?searchText=Carisoprodol,https://www.1mg.com/search/all?name=Carisoprodol
Menthol Inhaler,Nasal Congestion,Inhale as needed,Safe for frequent use; soothing,https://www.amazon.in/s?k=Menthol+Inhaler,https://www.1mg.com/search/all?name=Menthol%20Inhaler,https://www.apollopharmacy.in/search-result?searchText=Menthol%20Inhaler,https://www.1mg.com/search/all?name=Menthol+Inhaler
Chlorpheniramine,Allergies,4 mg every 4-6 hours,Max 24 mg/day; may cause drowsiness,https://www.amazon.in/s?k=Chlorpheniramine,https://www.1mg.com/search/all?name=Chlorpheniramine,https://www.apollopharmacy.in/search-result?searchText=Chlorpheniramine,https://www.1mg.com/search/all?name=Chlorpheniramine
Peppermint Oil,Stomach Ache,0.2-0.4 mL three times daily,Max 1.2 mL/day; for IBS,https://www.amazon.in/s?k=Peppermint+Oil,https://www.1mg.com/search/all?name=Peppermint%20Oil,https://www.apollopharmacy.in/search-result?searchText=Peppermint%20Oil,https://www.1mg.com/search/all?name=Peppermint+Oil
Acetaminophen,Common Cold|Headache,500-1000 mg every 4-6 hours|500-1000 mg every 4-6 hours,Max 4000 mg/day; relieves fever|Max 4000 mg/day; avoid alcohol,https://www.amazon.in/s?k=Acetaminophen,https://www.1mg.com/search/all?name=Acetaminophen,https://www.apollopharmacy.in/search-result?searchText=Acetaminophen,https://www.1mg.com/search/all?name=Acetaminophen
Pseudoephedrine,Runny Nose|Nasal Congestion,60 mg every 4-6 hours|60 mg every 4-6 hours,Max 240 mg/day; decongestant|Max 240 mg/day; avoid if hypertensive,https://www.amazon.in/s?k=Pseudoephedrine,https://www.1mg.com/search/all?name=Pseudoephedrine,https://www.apollopharmacy.in/search-result?searchText=Pseudoephedrine,https://www.1mg.com/search/all?name=Pseudoephedrine
Loratadine,Runny Nose (Allergic)|Allergies,10 mg once daily|10 mg once daily,Non-drowsy; for allergic rhinitis|Non-drowsy; take on empty stomach,https://www.amazon.in/s?k=Loratadine,https://www.1mg.com/search/all?name=Loratadine,https://www.apollopharmacy.in/search-result?searchText=Loratadine,https://www.1mg.com/search/all?name=Loratadine
Dextromethorphan,Common Cold (Dry Cough),10-20 mg every 4 hours,Avoid in chronic cough; hydrate,https://www.amazon.in/s?k=Dextromethorphan,https://www.1mg.com/search/all?name=Dextromethorphan,https://www.apollopharmacy.in/search-result?searchText=Dextromethorphan,https://www.1mg.com/search/all?name=Dextromethorphan
Guaifenesin,Common Cold (Wet Cough),200-400 mg every 4 hours,Max 2400 mg/day; expectorant; drink fluids,https://www.amazon.in/s?k=Guaifenesin,https://www.1mg.com/search/all?name=Guaifenesin,https://www.apollopharmacy.in/search-result?searchText=Guaifenesin,https://www.1mg.com/search/all?name=Guaifenesin
Oxymetazoline,Runny Nose|Nasal Congestion,2-3 sprays per nostril every 12 hours|2-3 sprays per nostril every 12 hours,Max 3 days; decongestant|Max 3 days; avoid overuse,https://www.amazon.in/s?k=Oxymetazoline,https://www.1mg.com/search/all?name=Oxymetazoline,https://www.apollopharmacy.in/search-result?searchText=Oxymetazoline,https://www.1mg.com/search/all?name=Oxymetazoline
Chlorpheniramine,Common Cold (Sneezing)|Runny Nose (Allergic),4 mg every 4-6 hours|4 mg every 4-6 hours,Max 24 mg/day; may cause drowsiness|Max 24 mg/day; antihistamine,https://www.amazon.in/s?k=Chlorpheniramine,https://www.1mg.com/search/all?name=Chlorpheniramine,https://www.apollopharmacy.in/search-result?searchText=Chlorpheniramine,https://www.1mg.com/search/all?name=Chlorpheniramine
Phenylephrine,Runny Nose|Nasal Congestion,10 mg every 4 hours|10 mg every 4 hours,Max 60 mg/day; decongestant|Max 60 mg/day; avoid in hypertension,https://www.amazon.in/s?k=Phenylephrine,https://www.1mg.com/search/all?name=Phenylephrine,https://www.apollopharmacy.in/search-result?searchText=Phenylephrine,https://www.1mg.com/search/all?name=Phenylephrine
Zinc Acetate,Common Cold (Duration),10-15 mg every 2-3 hours,Max 100 mg/day; start within 24 hours of symptoms,https://www.amazon.in/s?k=Zinc+Acetate,https://www.1mg.com/search/all?name=Zinc%20Acetate,https://www.apollopharmacy.in/search-result?searchText=Zinc%20Acetate,https://www.1mg.com/search/all?name=Zinc+Acetate
Saline Spray,Runny Nose|Nasal Congestion,2-3 sprays per nostril as needed|2-3 sprays per nostril as needed,Safe for all ages; hydrates|Safe; non-medicated,https://www.amazon.in/s?k=Saline+Spray,https://www.1mg.com/search/all?name=Saline%20Spray,https://www.apollopharmacy.in/search-result?searchText=Saline%20Spray,https://www.1mg.com/search/all?name=Saline+Spray
Ibuprofen,Common Cold (Body Ache)|Fever,200-400 mg every 6-8 hours|200-400 mg every 6-8 hours,Max 3200 mg/day; take with food|Max 3200 mg/day; reduces inflammation,https://www.amazon.in/s?k=Ibuprofen,https://www.1mg.com/search/all?name=Ibuprofen,https://www.apollopharmacy.in/search-result?searchText=Ibuprofen,https://www.1mg.com/search/all?name=Ibuprofen
Cetirizine,Runny Nose (Allergic)|Allergies,10 mg once daily|10 mg once daily,May cause drowsiness|Antihistamine for allergies,https://www.amazon.in/s?k=Cetirizine,https://www.1mg.com/search/all?name=Cetirizine,https://www.apollopharmacy.in/search-result?searchText=Cetirizine,https://www.1mg.com/search/all?name=Cetirizine
Azelastine,Runny Nose (Allergic)|Nasal Congestion,1-2 sprays per nostril twice daily|1-2 sprays per nostril twice daily,Max 4 sprays/day; antihistamine|Max 4 sprays/day; nasal spray,https://www.amazon.in/s?k=Azelastine,https://www.1mg.com/search/all?name=Azelastine,https://www.apollopharmacy.in/search-result?searchText=Azelastine,https://www.1mg.com/search/all?name=Azelastine
Benadryl (Diphenhydramine),Common Cold (Sneezing)|Insomnia,25-50 mg every 4-6 hours|25-50 mg at bedtime,Max 300 mg/day; drowsy|May cause next-day drowsiness,https://www.amazon.in/s?k=Benadryl+(Diphenhydramine),https://www.1mg.com/search/all?name=Benadryl%20(Diphenhydramine),https://www.apollopharmacy.in/search-result?searchText=Benadryl%20(Diphenhydramine),https://www.1mg.com/search/all?name=Benadryl+(Diphenhydramine)
Naproxen,Common Cold (Body Ache)|Fever,250-500 mg every 12 hours|250-500 mg every 12 hours,Max 1500 mg/day; take with food|Max 1500 mg/day; anti-inflammatory,https://www.amazon.in/s?k=Naproxen,https://www.1mg.com/search/all?name=Naproxen,https://www.apollopharmacy.in/search-result?searchText=Naproxen,https://www.1mg.com/search/all?name=Naproxen
Ambroxol,Common Cold (Wet Cough),30 mg three times daily,Max 90 mg/day; expectorant,https://www.amazon.in/s?k=Ambroxol,https://www.1mg.com/search/all?name=Ambroxol,https://www.apollopharmacy.in/search-result?searchText=Ambroxol,https://www.1mg.com/search/all?name=Ambroxol
Meclizine,Vertigo|Nausea,25-50 mg every 24 hours|25-50 mg every 24 hours,Max 50 mg/day; motion sickness|Max 50 mg/day; antiemetic,https://www.amazon.in/s?k=Meclizine,https://www.1mg.com/search/all?name=Meclizine,https://www.apollopharmacy.in/search-result?searchText=Meclizine,https://www.1mg.com/search/all?name=Meclizine
Allopurinol,Gout,100-300 mg once daily,Max 800 mg/day; take with food; for uric acid control,https://www.amazon.in/s?k=Allopurinol,https://www.1mg.com/search/all?name=Allopurinol,https://www.apollopharmacy.in/search-result?searchText=Allopurinol,https://www.1mg.com/search/all?name=Allopurinol
Valacyclovir,Shingles (Herpes Zoster),1000 mg three times daily,7-day course; start within 72 hours of rash,https://www.amazon.in/s?k=Valacyclovir,https://www.1mg.com/search/all?name=Valacyclovir,https://www.apollopharmacy.in/search-result?searchText=Valacyclovir,https://www.1mg.com/search/all?name=Valacyclovir
Colchicine,Gout,"1.2 mg initially, then 0.6 mg after 1 hour",Max 1.8 mg/day; for acute gout attack,https://www.amazon.in/s?k=Colchicine,https://www.1mg.com/search/all?name=Colchicine,https://www.apollopharmacy.in/search-result?searchText=Colchicine,https://www.1mg.com/search/all?name=Colchicine
Ondansetron,Nausea (Chemo-related),8 mg every 8 hours,Prescription; max 24 mg/day; antiemetic,https://www.amazon.in/s?k=Ondansetron,https://www.1mg.com/search/all?name=Ondansetron,https://www.apollopharmacy.in/search-result?searchText=Ondansetron,https://www.1mg.com/search/all?name=Ondansetron
Sumatriptan,Migraine,50-100 mg at onset,Max 200 mg/day; migraine-specific,https://www.amazon.in/s?k=Sumatriptan,https://www.1mg.com/search/all?name=Sumatriptan,https://www.apollopharmacy.in/search-result?searchText=Sumatriptan,https://www.1mg.com/search/all?name=Sumatriptan
Levothyroxine,Hypothyroidism,25-200 mcg once daily,Adjust per doctor; take on empty stomach,https://www.amazon.in/s?k=Levothyroxine,https://www.1mg.com/search/all?name=Levothyroxine,https://www.apollopharmacy.in/search-result?searchText=Levothyroxine,https://www.1mg.com/search/all?name=Levothyroxine
Albuterol,Asthma|Wheezing,2 puffs every 4-6 hours,Max 12 puffs/day; rescue inhaler,https://www.amazon.in/s?k=Albuterol,https://www.1mg.com/search/all?name=Albuterol,https://www.apollopharmacy.in/search-result?searchText=Albuterol,https://www.1mg.com/search/all?name=Albuterol
Prednisone,Asthma (Severe)|Inflammation,5-60 mg once daily,Taper dose; prescription; short-term use,https://www.amazon.in/s?k=Prednisone,https://www.1mg.com/search/all?name=Prednisone,https://www.apollopharmacy.in/search-result?searchText=Prednisone,https://www.1mg.com/search/all?name=Prednisone
Methotrexate,Rheumatoid Arthritis,7.5-20 mg once weekly,Max 20 mg/week; prescription; monitor liver,https://www.amazon.in/s?k=Methotrexate,https://www.1mg.com/search/all?name=Methotrexate,https://www.apollopharmacy.in/search-result?searchText=Methotrexate,https://www.1mg.com/search/all?name=Methotrexate
Ranitidine,Heartburn (GERD),150 mg twice daily,Max 300 mg/day; take before meals,https://www.amazon.in/s?k=Ranitidine,https://www.1mg.com/search/all?name=Ranitidine,https://www.apollopharmacy.in/search-result?searchText=Ranitidine,https://www.1mg.com/search/all?name=Ranitidine
Loperamide,Diarrhea (Acute),"4 mg initially, then 2 mg",Max 16 mg/day; hydrate well,https://www.amazon.in/s?k=Loperamide,https://www.1mg.com/search/all?name=Loperamide,https://www.apollopharmacy.in/search-result?searchText=Loperamide,https://www.1mg.com/search/all?name=Loperamide
Metronidazole,Bacterial Vaginosis,500 mg twice daily,7-day course; prescription; avoid alcohol,https://www.amazon.in/s?k=Metronidazole,https://www.1mg.com/search/all?name=Metronidazole,https://www.apollopharmacy.in/search-result?searchText=Metronidazole,https://www.1mg.com/search/all?name=Metronidazole
Fluconazole,Yeast Infection,150 mg single dose,For uncomplicated cases; prescription,https://www.amazon.in/s?k=Fluconazole,https://www.1mg.com/search/all?name=Fluconazole,https://www.apollopharmacy.in/search-result?searchText=Fluconazole,https://www.1mg.com/search/all?name=Fluconazole
Oseltamivir,Influenza (Flu),75 mg twice daily,5-day course; start within 48 hours of symptoms,https://www.amazon.in/s?k=Oseltamivir,https://www.1mg.com/search/all?name=Oseltamivir,https://www.apollopharmacy.in/search-result?searchText=Oseltamivir,https://www.1mg.com/search/all?name=Oseltamivir
Promethazine,Nausea|Allergic Runny Nose,12.5-25 mg every 4-6 hours|12.5-25 mg every 4-6 hours,Max 100 mg/day; drowsy|Max 100 mg/day; antihistamine,https://www.amazon.in/s?k=Promethazine,https://www.1mg.com/search/all?name=Promethazine,https://www.apollopharmacy.in/search-result?searchText=Promethazine,https://www.1mg.com/search/all?name=Promethazine
Budesonide,Runny Nose (Allergic)|Asthma,1-2 sprays per nostril daily|1-2 puffs twice daily,Max 4 sprays/day; nasal steroid|Max 800 mcg/day; inhaled steroid,https://www.amazon.in/s?k=Budesonide,https://www.1mg.com/search/all?name=Budesonide,https://www.apollopharmacy.in/search-result?searchText=Budesonide,https://www.1mg.com/search/all?name=Budesonide
Famotidine,Heartburn (GERD),20 mg twice daily,Max 40 mg/day; take before meals,https://www.amazon.in/s?k=Famotidine,https://www.1mg.com/search/all?name=Famotidine,https://www.apollopharmacy.in/search-result?searchText=Famotidine,https://www.1mg.com/search/all?name=Famotidine
Simethicone,Gas Pain,80-160 mg after meals,Max 500 mg/day; for bloating relief,https://www.amazon.in/s?k=Simethicone,https://www.1mg.com/search/all?name=Simethicone,https://www.apollopharmacy.in/search-result?searchText=Simethicone,https://www.1mg.com/search/all?name=Simethicone
Dicyclomine,Irritable Bowel Syndrome (Cramps),20 mg four times daily,Max 80 mg/day; antispasmodic,https://www.amazon.in/s?k=Dicyclomine,https://www.1mg.com/search/all?name=Dicyclomine,https://www.apollopharmacy.in/search-result?searchText=Dicyclomine,https://www.1mg.com/search/all?name=Dicyclomine
Acyclovir,Cold Sores (Herpes),400 mg five times daily,5-day course; start at first sign,https://www.amazon.in/s?k=Acyclovir,https://www.1mg.com/search/all?name=Acyclovir,https://www.apollopharmacy.in/search-result?searchText=Acyclovir,https://www.1mg.com/search/all?name=Acyclovir
Baclofen,Muscle Spasms,5-20 mg three times daily,Max 80 mg/day; prescription; relaxant,https://www.amazon.in/s?k=Baclofen,https://www.1mg.com/search/all?name=Baclofen,https://www.apollopharmacy.in/search-result?searchText=Baclofen,https://www.1mg.com/search/all?name=Baclofen
Tizanidine,Muscle Spasms,2-4 mg three times daily,Max 36 mg/day; prescription; relaxant,https://www.amazon.in/s?k=Tizanidine,https://www.1mg.com/search/all?name=Tizanidine,https://www.apollopharmacy.in/search-result?searchText=Tizanidine,https://www.1mg.com/search/all?name=Tizanidine
Clonazepam,Seizures|Anxiety,0.5-2 mg twice daily,Max 20 mg/day; prescription; taper off,https://www.amazon.in/s?k=Clonazepam,https://www.1mg.com/search/all?name=Clonazepam,https://www.apollopharmacy.in/search-result?searchText=Clonazepam,https://www.1mg.com/search/all?name=Clonazepam
Lidocaine Patch,Shingles Pain,1-3 patches for 12 hours,Max 3 patches/day; topical relief,https://www.amazon.in/s?k=Lidocaine+Patch,https://www.1mg.com/search/all?name=Lidocaine%20Patch,https://www.apollopharmacy.in/search-result?searchText=Lidocaine%20Patch,https://www.1mg.com/search/all?name=Lidocaine+Patch
Omeprazole,Acid Reflux (GERD),20 mg once daily,Max 8 weeks; take before meals,https://www.amazon.in/s?k=Omeprazole,https://www.1mg.com/search/all?name=Omeprazole,https://www.apollopharmacy.in/search-result?searchText=Omeprazole,https://www.1mg.com/search/all?name=Omeprazole
Montelukast,Allergies|Asthma,10 mg once daily|10 mg once daily,Evening dose; for asthma/allergies|Evening dose; leukotriene inhibitor,https://www.amazon.in/s?k=Montelukast,https://www.1mg.com/search/all?name=Montelukast,https://www.apollopharmacy.in/search-result?searchText=Montelukast,https://www.1mg.com/search/all?name=Montelukast
Codeine,Common Cold (Dry Cough),10-20 mg every 4-6 hours,Prescription; max 120 mg/day; drowsy,https://www.amazon.in/s?k=Codeine,https://www.1mg.com/search/all?name=Codeine,https://www.apollopharmacy.in/search-result?searchText=Codeine,https://www.1mg.com/search/all?name=Codeine
Cyclobenzaprine,Muscle Spasms,5-10 mg three times daily,Max 30 mg/day; prescription; relaxant,https://www.amazon.in/s?k=Cyclobenzaprine,https://www.1mg.com/search/all?name=Cyclobenzaprine,https://www.apollopharmacy.in/search-result?searchText=Cyclobenzaprine,https://www.1mg.com/search/all?name=Cyclobenzaprine
Gabapentin,Neuropathic Pain,300-600 mg three times daily,Max 3600 mg/day; prescription; titrate dose,https://www.amazon.in/s?k=Gabapentin,https://www.1mg.com/search/all?name=Gabapentin,https://www.apollopharmacy.in/search-result?searchText=Gabapentin,https://www.1mg.com/search/all?name=Gabapentin
Melatonin,Insomnia,1-5 mg at bedtime,Adjust as needed; non-habit forming,https://www.amazon.in/s?k=Melatonin,https://www.1mg.com/search/all?name=Melatonin,https://www.apollopharmacy.in/search-result?searchText=Melatonin,https://www.1mg.com/search/all?name=Melatonin
Zolpidem,Insomnia,5-10 mg at bedtime,Prescription; max 10 mg/day,https://www.amazon.in/s?k=Zolpidem,https://www.1mg.com/search/all?name=Zolpidem,https://www.apollopharmacy.in/search-result?searchText=Zolpidem,https://www.1mg.com/search/all?name=Zolpidem
Propranolol,Migraine Prevention|Anxiety,20-40 mg twice daily|20-40 mg twice daily,Max 320 mg/day; prescription|Max 320 mg/day; beta-blocker,https://www.amazon.in/s?k=Propranolol,https://www.1mg.com/search/all?name=Propranolol,https://www.apollopharmacy.in/search-result?searchText=Propranolol,https://www.1mg.com/search/all?name=Propranolol
Hydroxyzine,Itching (Allergic)|Anxiety,25-50 mg every 6 hours|25-50 mg at bedtime,Max 200 mg/day; drowsy|Max 200 mg/day; sedative,https://www.amazon.in/s?k=Hydroxyzine,https://www.1mg.com/search/all?name=Hydroxyzine,https://www.apollopharmacy.in/search-result?searchText=Hydroxyzine,https://www.1mg.com/search/all?name=Hydroxyzine
Azithromycin,Sinusitis,"500 mg day 1, then 250 mg daily",5-day course; prescription; antibiotic,https://www.amazon.in/s?k=Azithromycin,https://www.1mg.com/search/all?name=Azithromycin,https://www.apollopharmacy.in/search-result?searchText=Azithromycin,https://www.1mg.com/search/all?name=Azithromycin
Amoxicillin,Sinusitis|Ear Infection,500 mg three times daily|500 mg three times daily,10-day course; bacterial infection|10-day course; prescription,https://www.amazon.in/s?k=Amoxicillin,https://www.1mg.com/search/all?name=Amoxicillin,https://www.apollopharmacy.in/search-result?searchText=Amoxicillin,https://www.1mg.com/search/all?name=Amoxicillin
Ipratropium,Runny Nose (Cold)|Asthma,2 sprays per nostril 2-3 times daily|2 puffs four times daily,Max 6 sprays/day; reduces runny nose|Max 8 puffs/day; bronchodilator,https://www.amazon.in/s?k=Ipratropium,https://www.1mg.com/search/all?name=Ipratropium,https://www.apollopharmacy.in/search-result?searchText=Ipratropium,https://www.1mg.com/search/all?name=Ipratropium
Levocetirizine,Runny Nose (Allergic)|Allergies,5 mg once daily|5 mg once daily,May cause mild drowsiness|Antihistamine,https://www.amazon.in/s?k=Levocetirizine,https://www.1mg.com/search/all?name=Levocetirizine,https://www.apollopharmacy.in/search-result?searchText=Levocetirizine,https://www.1mg.com/search/all?name=Levocetirizine
Xylometazoline,Runny Nose|Nasal Congestion,2-3 drops per nostril every 8-12 hours|2-3 drops per nostril every 8-12 hours,Max 3 days; decongestant|Max 3 days; avoid overuse,https://www.amazon.in/s?k=Xylometazoline,https://www.1mg.com/search/all?name=Xylometazoline,https://www.apollopharmacy.in/search-result?searchText=Xylometazoline,https://www.1mg.com/search/all?name=Xylometazoline
Desloratadine,Runny Nose (Allergic)|Allergies,5 mg once daily|5 mg once daily,Non-drowsy; antihistamine|Non-drowsy,https://www.amazon.in/s?k=Desloratadine,https://www.1mg.com/search/all?name=Desloratadine,https://www.apollopharmacy.in/search-result?searchText=Desloratadine,https://www.1mg.com/search/all?name=Desloratadine
Fexofenadine,Runny Nose (Allergic)|Allergies,180 mg once daily|180 mg once daily,Non-drowsy; avoid with juice|Non-drowsy,https://www.amazon.in/s?k=Fexofenadine,https://www.1mg.com/search/all?name=Fexofenadine,https://www.apollopharmacy.in/search-result?searchText=Fexofenadine,https://www.1mg.com/search/all?name=Fexofenadine
Strepsils,Sore Throat (Cold),1 lozenge every 2-3 hours,Max 8/day; soothing effect,https://www.amazon.in/s?k=Strepsils,https://www.1mg.com/search/all?name=Strepsils,https://www.apollopharmacy.in/search-result?searchText=Strepsils,https://www.1mg.com/search/all?name=Strepsils
Flurbiprofen,Sore Throat (Cold),8.75 mg lozenge every 3-6 hours,Max 5/day; anti-inflammatory,https://www.amazon.in/s?k=Flurbiprofen,https://www.1mg.com/search/all?name=Flurbiprofen,https://www.apollopharmacy.in/search-result?searchText=Flurbiprofen,https://www.1mg.com/search/all?name=Flurbiprofen
Benzocaine,Sore Throat (Cold),1 lozenge every 2 hours,Max 10/day; numbs throat,https://www.amazon.in/s?k=Benzocaine,https://www.1mg.com/search/all?name=Benzocaine,https://www.apollopharmacy.in/search-result?searchText=Benzocaine,https://www.1mg.com/search/all?name=Benzocaine
Chlorhexidine,Sore Throat (Infection),10 mL rinse twice daily,Do not swallow; antimicrobial,https://www.amazon.in/s?k=Chlorhexidine,https://www.1mg.com/search/all?name=Chlorhexidine,https://www.apollopharmacy.in/search-result?searchText=Chlorhexidine,https://www.1mg.com/search/all?name=Chlorhexidine
Penicillin V,Sore Throat (Strep),500 mg twice daily,10-day course; prescription; strep throat,https://www.amazon.in/s?k=Penicillin+V,https://www.1mg.com/search/all?name=Penicillin%20V,https://www.apollopharmacy.in/search-result?searchText=Penicillin%20V,https://www.1mg.com/search/all?name=Penicillin+V
Racecadotril,Diarrhea (Viral),100 mg three times daily,Max 300 mg/day; reduces secretions,https://www.amazon.in/s?k=Racecadotril,https://www.1mg.com/search/all?name=Racecadotril,https://www.apollopharmacy.in/search-result?searchText=Racecadotril,https://www.1mg.com/search/all?name=Racecadotril
Bismuth Subsalicylate,Diarrhea (Traveler's),524 mg every 30-60 minutes,Max 8 doses/day; avoid in fever,https://www.amazon.in/s?k=Bismuth+Subsalicylate,https://www.1mg.com/search/all?name=Bismuth%20Subsalicylate,https://www.apollopharmacy.in/search-result?searchText=Bismuth%20Subsalicylate,https://www.1mg.com/search/all?name=Bismuth+Subsalicylate
Attapulgite,Diarrhea (Acute),600-1200 mg after each stool,Max 8400 mg/day; absorbent,https://www.amazon.in/s?k=Attapulgite,https://www.1mg.com/search/all?name=Attapulgite,https://www.apollopharmacy.in/search-result?searchText=Attapulgite,https://www.1mg.com/search/all?name=Attapulgite
Saccharomyces Boulardii,Diarrhea (Antibiotic-related),250-500 mg daily,Probiotic; supports gut health,https://www.amazon.in/s?k=Saccharomyces+Boulardii,https://www.1mg.com/search/all?name=Saccharomyces%20Boulardii,https://www.apollopharmacy.in/search-result?searchText=Saccharomyces%20Boulardii,https://www.1mg.com/search/all?name=Saccharomyces+Boulardii
Diphenoxylate,Diarrhea (Severe),2.5 mg up to 4 times daily,Prescription; max 20 mg/day,https://www.amazon.in/s?k=Diphenoxylate,https://www.1mg.com/search/all?name=Diphenoxylate,https://www.apollopharmacy.in/search-result?searchText=Diphenoxylate,https://www.1mg.com/search/all?name=Diphenoxylate
Metoclopramide,Nausea (Gastroparesis),10 mg up to 4 times daily,Max 40 mg/day; prokinetic,https://www.amazon.in/s?k=Metoclopramide,https://www.1mg.com/search/all?name=Metoclopramide,https://www.apollopharmacy.in/search-result?searchText=Metoclopramide,https://www.1mg.com/search/all?name=Metoclopramide
Prochlorperazine,Nausea (Severe),5-10 mg 3-4 times daily,Max 40 mg/day; prescription,https://www.amazon.in/s?k=Prochlorperazine,https://www.1mg.com/search/all?name=Prochlorperazine,https://www.apollopharmacy.in/search-result?searchText=Prochlorperazine,https://www.1mg.com/search/all?name=Prochlorperazine
Dimenhydrinate,Motion Sickness|Nausea,50-100 mg every 4-6 hours|50-100 mg every 4-6 hours,Max 400 mg/day; drowsy|Max 400 mg/day,https://www.amazon.in/s?k=Dimenhydrinate,https://www.1mg.com/search/all?name=Dimenhydrinate,https://www.apollopharmacy.in/search-result?searchText=Dimenhydrinate,https://www.1mg.com/search/all?name=Dimenhydrinate
Esomeprazole,Acid Reflux (GERD),20-40 mg once daily,Max 40 mg/day; take before meals,https://www.amazon.in/s?k=Esomeprazole,https://www.1mg.com/search/all?name=Esomeprazole,https://www.apollopharmacy.in/search-result?searchText=Esomeprazole,https://www.1mg.com/search/all?name=Esomeprazole
Pantoprazole,Acid Reflux (GERD),40 mg once daily,Max 40 mg/day; take before meals,https://www.amazon.in/s?k=Pantoprazole,https://www.1mg.com/search/all?name=Pantoprazole,https://www.apollopharmacy.in/search-result?searchText=Pantoprazole,https://www.1mg.com/search/all?name=Pantoprazole
Lansoprazole,Acid Reflux (GERD),15-30 mg once daily,Max 30 mg/day; for acid reflux,https://www.amazon.in/s?k=Lansoprazole,https://www.1mg.com/search/all?name=Lansoprazole,https://www.apollopharmacy.in/search-result?searchText=Lansoprazole,https://www.1mg.com/search/all?name=Lansoprazole
Alginic Acid,Heartburn (Reflux),10-20 mL after meals,Max 80 mL/day; barrier for reflux,https://www.amazon.in/s?k=Alginic+Acid,https://www.1mg.com/search/all?name=Alginic%20Acid,https://www.apollopharmacy.in/search-result?searchText=Alginic%20Acid,https://www.1mg.com/search/all?name=Alginic+Acid
Cimetidine,Heartburn (GERD),400 mg twice daily,Max 800 mg/day; take with meals,https://www.amazon.in/s?k=Cimetidine,https://www.1mg.com/search/all?name=Cimetidine,https://www.apollopharmacy.in/search-result?searchText=Cimetidine,https://www.1mg.com/search/all?name=Cimetidine
Tamsulosin,Urinary Retention (BPH),0.4 mg once daily,Max 0.8 mg/day; prescription; after meal,https://www.amazon.in/s?k=Tamsulosin,https://www.1mg.com/search/all?name=Tamsulosin,https://www.apollopharmacy.in/search-result?searchText=Tamsulosin,https://www.1mg.com/search/all?name=Tamsulosin
Finasteride,Hair Loss|Prostate Enlargement,1 mg daily|5 mg daily,Max 5 mg/day; prescription|Max 5 mg/day,https://www.amazon.in/s?k=Finasteride,https://www.1mg.com/search/all?name=Finasteride,https://www.apollopharmacy.in/search-result?searchText=Finasteride,https://www.1mg.com/search/all?name=Finasteride
Terbinafine,Fungal Infection (Nail),250 mg once daily,6-12 weeks; prescription; systemic,https://www.amazon.in/s?k=Terbinafine,https://www.1mg.com/search/all?name=Terbinafine,https://www.apollopharmacy.in/search-result?searchText=Terbinafine,https://www.1mg.com/search/all?name=Terbinafine
Clotrimazole,Athlete's Foot,Apply twice daily,2-4 weeks; topical antifungal,https://www.amazon.in/s?k=Clotrimazole,https://www.1mg.com/search/all?name=Clotrimazole,https://www.apollopharmacy.in/search-result?searchText=Clotrimazole,https://www.1mg.com/search/all?name=Clotrimazole
Mupirocin,Impetigo,Apply three times daily,10-day course; prescription; topical,https://www.amazon.in/s?k=Mupirocin,https://www.1mg.com/search/all?name=Mupirocin,https://www.apollopharmacy.in/search-result?searchText=Mupirocin,https://www.1mg.com/search/all?name=Mupirocin
Erythromycin,Acne,250-500 mg twice daily,Prescription; systemic antibiotic,https://www.amazon.in/s?k=Erythromycin,https://www.1mg.com/search/all?name=Erythromycin,https://www.apollopharmacy.in/search-result?searchText=Erythromycin,https://www.1mg.com/search/all?name=Erythromycin
Benzoyl Peroxide,Acne,2.5-10% apply once daily,Topical; may bleach fabrics,https://www.amazon.in/s?k=Benzoyl+Peroxide,https://www.1mg.com/search/all?name=Benzoyl%20Peroxide,https://www.apollopharmacy.in/search-result?searchText=Benzoyl%20Peroxide,https://www.1mg.com/search/all?name=Benzoyl+Peroxide
Salicylic Acid,Warts,17% apply daily,Topical; up to 12 weeks,https://www.amazon.in/s?k=Salicylic+Acid,https://www.1mg.com/search/all?name=Salicylic%20Acid,https://www.apollopharmacy.in/search-result?searchText=Salicylic%20Acid,https://www.1mg.com/search/all?name=Salicylic+Acid
Permethrin,Scabies,"5% cream, apply once",Single application; repeat in 7 days if needed,https://www.amazon.in/s?k=Permethrin,https://www.1mg.com/search/all?name=Permethrin,https://www.apollopharmacy.in/search-result?searchText=Permethrin,https://www.1mg.com/search/all?name=Permethrin
Ivermectin,Scabies (Severe),200 mcg/kg single dose,Prescription; may repeat in 7-14 days,https://www.amazon.in/s?k=Ivermectin,https://www.1mg.com/search/all?name=Ivermectin,https://www.apollopharmacy.in/search-result?searchText=Ivermectin,https://www.1mg.com/search/all?name=Ivermectin
Hydrocortisone,Eczema|Itching,1% cream twice daily|1% cream twice daily,Max 7 days; topical steroid|Avoid long-term use,https://www.amazon.in/s?k=Hydrocortisone,https://www.1mg.com/search/all?name=Hydrocortisone,https://www.apollopharmacy.in/search-result?searchText=Hydrocortisone,https://www.1mg.com/search/all?name=Hydrocortisone
Ketorolac,Eye Pain (Post-surgery),1 drop four times daily,Max 5 days; prescription; NSAID drop,https://www.amazon.in/s?k=Ketorolac,https://www.1mg.com/search/all?name=Ketorolac,https://www.apollopharmacy.in/search-result?searchText=Ketorolac,https://www.1mg.com/search/all?name=Ketorolac
Latamoprost,Glaucoma,1 drop in affected eye(s) daily,Evening dose; prescription; lowers eye pressure,https://www.amazon.in/s?k=Latamoprost,https://www.1mg.com/search/all?name=Latamoprost,https://www.apollopharmacy.in/search-result?searchText=Latamoprost,https://www.1mg.com/search/all?name=Latamoprost
Rifaximin,Traveler's Diarrhea,200-400 mg three times daily,Prescription; 3-day course,https://www.amazon.in/s?k=Rifaximin,https://www.1mg.com/search/all?name=Rifaximin,https://www.apollopharmacy.in/search-result?searchText=Rifaximin,https://www.1mg.com/search/all?name=Rifaximin
Trimebutine,Irritable Bowel Syndrome,100-200 mg three times daily,Max 600 mg/day; regulates motility,https://www.amazon.in/s?k=Trimebutine,https://www.1mg.com/search/all?name=Trimebutine,https://www.apollopharmacy.in/search-result?searchText=Trimebutine,https://www.1mg.com/search/all?name=Trimebutine
Peppermint Oil,Irritable Bowel Syndrome,0.2-0.4 mL three times daily,Max 1.2 mL/day; for IBS,https://www.amazon.in/s?k=Peppermint+Oil,https://www.1mg.com/search/all?name=Peppermint%20Oil,https://www.apollopharmacy.in/search-result?searchText=Peppermint%20Oil,https://www.1mg.com/search/all?name=Peppermint+Oil
Hyoscine,Abdominal Cramps,10-20 mg up to 4 times daily,Max 80 mg/day; antispasmodic,https://www.amazon.in/s?k=Hyoscine,https://www.1mg.com/search/all?name=Hyoscine,https://www.apollopharmacy.in/search-result?searchText=Hyoscine,https://www.1mg.com/search/all?name=Hyoscine
EpiPen (Epinephrine),Anaphylaxis,0.3 mg intramuscular,Single use; seek emergency care,https://www.amazon.in/s?k=EpiPen+(Epinephrine),https://www.1mg.com/search/all?name=EpiPen%20(Epinephrine),https://www.apollopharmacy.in/search-result?searchText=EpiPen%20(Epinephrine),https://www.1mg.com/search/all?name=EpiPen+(Epinephrine)
Hydrocortisone,Eczema|Itching,1% cream twice daily|1% cream twice daily,Max 7 days; topical steroid|Avoid long-term use,https://www.amazon.in/s?k=Hydrocortisone,https://www.1mg.com/search/all?name=Hydrocortisone,https://www.apollopharmacy.in/search-result?searchText=Hydrocortisone,https://www.1mg.com/search/all?name=Hydrocortisone
Betamethasone,Eczema|Severe Itching,0.1% cream twice daily|0.1% cream twice daily,Max 14 days; prescription; potent steroid|Avoid face unless directed,https://www.amazon.in/s?k=Betamethasone,https://www.1mg.com/search/all?name=Betamethasone,https://www.apollopharmacy.in/search-result?searchText=Betamethasone,https://www.1mg.com/search/all?name=Betamethasone
Cetirizine,Hives|Allergic Itching,10 mg once daily|10 mg once daily,May cause drowsiness; oral antihistamine|Relieves systemic allergy,https://www.amazon.in/s?k=Cetirizine,https://www.1mg.com/search/all?name=Cetirizine,https://www.apollopharmacy.in/search-result?searchText=Cetirizine,https://www.1mg.com/search/all?name=Cetirizine
Loratadine,Hives|Allergic Rash,10 mg once daily|10 mg once daily,Non-drowsy; oral antihistamine|Take on empty stomach,https://www.amazon.in/s?k=Loratadine,https://www.1mg.com/search/all?name=Loratadine,https://www.apollopharmacy.in/search-result?searchText=Loratadine,https://www.1mg.com/search/all?name=Loratadine
Chlorpheniramine,Allergic Itching|Hives,4 mg every 4-6 hours|4 mg every 4-6 hours,Max 24 mg/day; may cause drowsiness|Antihistamine,https://www.amazon.in/s?k=Chlorpheniramine,https://www.1mg.com/search/all?name=Chlorpheniramine,https://www.apollopharmacy.in/search-result?searchText=Chlorpheniramine,https://www.1mg.com/search/all?name=Chlorpheniramine
Fexofenadine,Hives|Allergic Rash,180 mg once daily|180 mg once daily,Non-drowsy; avoid with juice|Oral antihistamine,https://www.amazon.in/s?k=Fexofenadine,https://www.1mg.com/search/all?name=Fexofenadine,https://www.apollopharmacy.in/search-result?searchText=Fexofenadine,https://www.1mg.com/search/all?name=Fexofenadine
Hydroxyzine,Severe Itching|Hives,25-50 mg every 6 hours|25-50 mg every 6 hours,Max 200 mg/day; drowsy|Prescription; sedative,https://www.amazon.in/s?k=Hydroxyzine,https://www.1mg.com/search/all?name=Hydroxyzine,https://www.apollopharmacy.in/search-result?searchText=Hydroxyzine,https://www.1mg.com/search/all?name=Hydroxyzine
Prednisone,Severe Allergic Rash|Eczema Flare,5-60 mg once daily|5-60 mg once daily,Taper dose; prescription; short-term|Systemic steroid,https://www.amazon.in/s?k=Prednisone,https://www.1mg.com/search/all?name=Prednisone,https://www.apollopharmacy.in/search-result?searchText=Prednisone,https://www.1mg.com/search/all?name=Prednisone
Triamcinolone,Eczema|Contact Dermatitis,0.1% cream twice daily|0.1% cream twice daily,Max 14 days; prescription|Avoid eyes and open wounds,https://www.amazon.in/s?k=Triamcinolone,https://www.1mg.com/search/all?name=Triamcinolone,https://www.apollopharmacy.in/search-result?searchText=Triamcinolone,https://www.1mg.com/search/all?name=Triamcinolone
Clobetasol,Severe Eczema|Psoriasis,0.05% cream twice daily|0.05% cream twice daily,Max 2 weeks; prescription; very potent|Avoid large areas,https://www.amazon.in/s?k=Clobetasol,https://www.1mg.com/search/all?name=Clobetasol,https://www.apollopharmacy.in/search-result?searchText=Clobetasol,https://www.1mg.com/search/all?name=Clobetasol
Desloratadine,Hives|Allergic Itching,5 mg once daily|5 mg once daily,Non-drowsy; antihistamine|Take with or without food,https://www.amazon.in/s?k=Desloratadine,https://www.1mg.com/search/all?name=Desloratadine,https://www.apollopharmacy.in/search-result?searchText=Desloratadine,https://www.1mg.com/search/all?name=Desloratadine
Levocetirizine,Hives|Allergic Rash,5 mg once daily|5 mg once daily,May cause mild drowsiness|Oral antihistamine,https://www.amazon.in/s?k=Levocetirizine,https://www.1mg.com/search/all?name=Levocetirizine,https://www.apollopharmacy.in/search-result?searchText=Levocetirizine,https://www.1mg.com/search/all?name=Levocetirizine
Diphenhydramine,Itching (Allergic)|Hives,25-50 mg every 4-6 hours|25-50 mg every 4-6 hours,Max 300 mg/day; drowsy|Over-the-counter antihistamine,https://www.amazon.in/s?k=Diphenhydramine,https://www.1mg.com/search/all?name=Diphenhydramine,https://www.apollopharmacy.in/search-result?searchText=Diphenhydramine,https://www.1mg.com/search/all?name=Diphenhydramine
Calamine Lotion,Itching|Rash,Apply as needed|Apply as needed,Soothing; dries oozing|Safe for frequent use,https://www.amazon.in/s?k=Calamine+Lotion,https://www.1mg.com/search/all?name=Calamine%20Lotion,https://www.apollopharmacy.in/search-result?searchText=Calamine%20Lotion,https://www.1mg.com/search/all?name=Calamine+Lotion
Fluocinonide,Eczema|Severe Rash,0.05% cream twice daily|0.05% cream twice daily,Max 14 days; prescription|High potency steroid,https://www.amazon.in/s?k=Fluocinonide,https://www.1mg.com/search/all?name=Fluocinonide,https://www.apollopharmacy.in/search-result?searchText=Fluocinonide,https://www.1mg.com/search/all?name=Fluocinonide
Tacrolimus,Eczema,0.1% ointment twice daily,Prescription; avoid sunlight; non-steroidal,https://www.amazon.in/s?k=Tacrolimus,https://www.1mg.com/search/all?name=Tacrolimus,https://www.apollopharmacy.in/search-result?searchText=Tacrolimus,https://www.1mg.com/search/all?name=Tacrolimus
Mometasone,Eczema|Allergic Dermatitis,0.1% cream once daily|0.1% cream once daily,Max 3 weeks; prescription|Moderate potency steroid,https://www.amazon.in/s?k=Mometasone,https://www.1mg.com/search/all?name=Mometasone,https://www.apollopharmacy.in/search-result?searchText=Mometasone,https://www.1mg.com/search/all?name=Mometasone
EpiPen (Epinephrine),Anaphylaxis (Severe Allergy),0.3 mg intramuscular,Single use; seek emergency care immediately,https://www.amazon.in/s?k=EpiPen+(Epinephrine),https://www.1mg.com/search/all?name=EpiPen%20(Epinephrine),https://www.apollopharmacy.in/search-result?searchText=EpiPen%20(Epinephrine),https://www.1mg.com/search/all?name=EpiPen+(Epinephrine)
Allegra-D,Allergic Itching|Nasal Congestion,1 tablet (180 mg/240 mg) once daily,Non-drowsy; decongestant combo; avoid hypertension,https://www.amazon.in/s?k=Allegra-D,https://www.1mg.com/search/all?name=Allegra-D,https://www.apollopharmacy.in/search-result?searchText=Allegra-D,https://www.1mg.com/search/all?name=Allegra-D
Cromolyn Sodium,Allergic Rash Prevention,2 sprays per nostril 4 times daily,Max 8 sprays/day; mast cell stabilizer; nasal,https://www.amazon.in/s?k=Cromolyn+Sodium,https://www.1mg.com/search/all?name=Cromolyn%20Sodium,https://www.apollopharmacy.in/search-result?searchText=Cromolyn%20Sodium,https://www.1mg.com/search/all?name=Cromolyn+Sodium
Benadryl Cream,Itching (Local),Apply 2-4 times daily,Max 7 days; topical antihistamine,https://www.amazon.in/s?k=Benadryl+Cream,https://www.1mg.com/search/all?name=Benadryl%20Cream,https://www.apollopharmacy.in/search-result?searchText=Benadryl%20Cream,https://www.1mg.com/search/all?name=Benadryl+Cream
Coal Tar,Psoriasis|Itching,2-5% cream daily,May stain; use sparingly; reduces scaling,https://www.amazon.in/s?k=Coal+Tar,https://www.1mg.com/search/all?name=Coal%20Tar,https://www.apollopharmacy.in/search-result?searchText=Coal%20Tar,https://www.1mg.com/search/all?name=Coal+Tar
Salicylic Acid,Psoriasis|Warts,3-6% cream daily|17% apply daily,Softens skin; prescription strength|Topical; up to 12 weeks,https://www.amazon.in/s?k=Salicylic+Acid,https://www.1mg.com/search/all?name=Salicylic%20Acid,https://www.apollopharmacy.in/search-result?searchText=Salicylic%20Acid,https://www.1mg.com/search/all?name=Salicylic+Acid
Urea Cream,Dry Skin|Eczema,10-40% cream twice daily|10-40% cream twice daily,Moisturizes; non-medicated|Safe for chronic use,https://www.amazon.in/s?k=Urea+Cream,https://www.1mg.com/search/all?name=Urea%20Cream,https://www.apollopharmacy.in/search-result?searchText=Urea%20Cream,https://www.1mg.com/search/all?name=Urea+Cream
Pimecrolimus,Eczema,1% cream twice daily,Prescription; non-steroidal; avoid UV exposure,https://www.amazon.in/s?k=Pimecrolimus,https://www.1mg.com/search/all?name=Pimecrolimus,https://www.apollopharmacy.in/search-result?searchText=Pimecrolimus,https://www.1mg.com/search/all?name=Pimecrolimus
Antihistamine Eye Drops (Olopatadine),Eye Itching (Allergic),1 drop per eye twice daily,Max 2 drops/day per eye; for allergic conjunctivitis,https://www.amazon.in/s?k=Antihistamine+Eye+Drops+(Olopatadine),https://www.1mg.com/search/all?name=Antihistamine%20Eye%20Drops%20(Olopatadine),https://www.apollopharmacy.in/search-result?searchText=Antihistamine%20Eye%20Drops%20(Olopatadine),https://www.1mg.com/search/all?name=Antihistamine+Eye+Drops+(Olopatadine)
Ketotifen,Eye Itching (Allergic),1 drop per eye twice daily,Over-the-counter; antihistamine eye drop,https://www.amazon.in/s?k=Ketotifen,https://www.1mg.com/search/all?name=Ketotifen,https://www.apollopharmacy.in/search-result?searchText=Ketotifen,https://www.1mg.com/search/all?name=Ketotifen
Moisturizing Cream (Cetaphil),Dry Skin|Rash Irritation,Apply as needed|Apply as needed,Non-medicated; hydrates|Safe for sensitive skin,https://www.amazon.in/s?k=Moisturizing+Cream+(Cetaphil),https://www.1mg.com/search/all?name=Moisturizing%20Cream%20(Cetaphil),https://www.apollopharmacy.in/search-result?searchText=Moisturizing%20Cream%20(Cetaphil),https://www.1mg.com/search/all?name=Moisturizing+Cream+(Cetaphil)
Zinc Oxide,Rash (Diaper)|Itching,Apply thick layer as needed|Apply as needed,Protective barrier; safe for frequent use|Soothing,https://www.amazon.in/s?k=Zinc+Oxide,https://www.1mg.com/search/all?name=Zinc%20Oxide,https://www.apollopharmacy.in/search-result?searchText=Zinc%20Oxide,https://www.1mg.com/search/all?name=Zinc+Oxide
Permethrin,Scabies Itching,"5% cream, apply once",Single application; repeat in 7 days if needed,https://www.amazon.in/s?k=Permethrin,https://www.1mg.com/search/all?name=Permethrin,https://www.apollopharmacy.in/search-result?searchText=Permethrin,https://www.1mg.com/search/all?name=Permethrin
Ivermectin,Scabies (Severe),200 mcg/kg single dose,Prescription; may repeat in 7-14 days,https://www.amazon.in/s?k=Ivermectin,https://www.1mg.com/search/all?name=Ivermectin,https://www.apollopharmacy.in/search-result?searchText=Ivermectin,https://www.1mg.com/search/all?name=Ivermectin
Sulfur Ointment,Scabies|Rash,5-10% apply daily,7-10 days; may irritate; traditional remedy,https://www.amazon.in/s?k=Sulfur+Ointment,https://www.1mg.com/search/all?name=Sulfur%20Ointment,https://www.apollopharmacy.in/search-result?searchText=Sulfur%20Ointment,https://www.1mg.com/search/all?name=Sulfur+Ointment
Benzoyl Peroxide,Acne|Rash,2.5-10% apply once daily|2.5-10% apply once daily,Topical; may bleach fabrics|Avoid overuse,https://www.amazon.in/s?k=Benzoyl+Peroxide,https://www.1mg.com/search/all?name=Benzoyl%20Peroxide,https://www.apollopharmacy.in/search-result?searchText=Benzoyl%20Peroxide,https://www.1mg.com/search/all?name=Benzoyl+Peroxide
Erythromycin,Acne|Infected Rash,250-500 mg twice daily|250-500 mg twice daily,Prescription; systemic antibiotic|Topical also available,https://www.amazon.in/s?k=Erythromycin,https://www.1mg.com/search/all?name=Erythromycin,https://www.apollopharmacy.in/search-result?searchText=Erythromycin,https://www.1mg.com/search/all?name=Erythromycin
Clindamycin,Acne|Infected Rash,1% gel twice daily|1% gel twice daily,Prescription; topical antibiotic|Avoid oral use concurrently,https://www.amazon.in/s?k=Clindamycin,https://www.1mg.com/search/all?name=Clindamycin,https://www.apollopharmacy.in/search-result?searchText=Clindamycin,https://www.1mg.com/search/all?name=Clindamycin
Azelaic Acid,Acne|Rosacea,15-20% cream twice daily|15-20% cream twice daily,Prescription; reduces inflammation|May lighten skin,https://www.amazon.in/s?k=Azelaic+Acid,https://www.1mg.com/search/all?name=Azelaic%20Acid,https://www.apollopharmacy.in/search-result?searchText=Azelaic%20Acid,https://www.1mg.com/search/all?name=Azelaic+Acid
Metronidazole,Rosacea,0.75-1% gel twice daily,Prescription; topical; reduces redness,https://www.amazon.in/s?k=Metronidazole,https://www.1mg.com/search/all?name=Metronidazole,https://www.apollopharmacy.in/search-result?searchText=Metronidazole,https://www.1mg.com/search/all?name=Metronidazole
Doxycycline,Rosacea|Acne,40 mg once daily|100 mg twice daily,Prescription; low dose for rosacea|Antibiotic for acne,https://www.amazon.in/s?k=Doxycycline,https://www.1mg.com/search/all?name=Doxycycline,https://www.apollopharmacy.in/search-result?searchText=Doxycycline,https://www.1mg.com/search/all?name=Doxycycline
Calcipotriene,Psoriasis,0.005% cream twice daily,Max 100 g/week; prescription; vitamin D analog,https://www.amazon.in/s?k=Calcipotriene,https://www.1mg.com/search/all?name=Calcipotriene,https://www.apollopharmacy.in/search-result?searchText=Calcipotriene,https://www.1mg.com/search/all?name=Calcipotriene
Silver Sulfadiazine,Burn Rash (Infection),1% cream apply 1-2 times daily,Prescription; for burns; keep covered,https://www.amazon.in/s?k=Silver+Sulfadiazine,https://www.1mg.com/search/all?name=Silver%20Sulfadiazine,https://www.apollopharmacy.in/search-result?searchText=Silver%20Sulfadiazine,https://www.1mg.com/search/all?name=Silver+Sulfadiazine
Hydrocolloid Dressing,Blister Rash,Apply and change every 3-7 days,Non-medicated; promotes healing,https://www.amazon.in/s?k=Hydrocolloid+Dressing,https://www.1mg.com/search/all?name=Hydrocolloid%20Dressing,https://www.apollopharmacy.in/search-result?searchText=Hydrocolloid%20Dressing,https://www.1mg.com/search/all?name=Hydrocolloid+Dressing
Aloe Vera Gel,Mild Rash|Itching,Apply as needed|Apply as needed,Natural; soothing|Safe for minor irritation,https://www.amazon.in/s?k=Aloe+Vera+Gel,https://www.1mg.com/search/all?name=Aloe%20Vera%20Gel,https://www.apollopharmacy.in/search-result?searchText=Aloe%20Vera%20Gel,https://www.1mg.com/search/all?name=Aloe+Vera+Gel
Antifungal Cream (Clotrimazole),Fungal Rash|Itching,1% cream twice daily|1% cream twice daily,2-4 weeks; over-the-counter|For ringworm or yeast,https://www.amazon.in/s?k=Antifungal+Cream+(Clotrimazole),https://www.1mg.com/search/all?name=Antifungal%20Cream%20(Clotrimazole),https://www.apollopharmacy.in/search-result?searchText=Antifungal%20Cream%20(Clotrimazole),https://www.1mg.com/search/all?name=Antifungal+Cream+(Clotrimazole)
Terbinafine,Fungal Rash,1% cream twice daily,2-4 weeks; over-the-counter; antifungal,https://www.amazon.in/s?k=Terbinafine,https://www.1mg.com/search/all?name=Terbinafine,https://www.apollopharmacy.in/search-result?searchText=Terbinafine,https://www.1mg.com/search/all?name=Terbinafine
Mupirocin,Bacterial Rash (Impetigo),2% ointment three times daily,10-day course; prescription; topical,https://www.amazon.in/s?k=Mupirocin,https://www.1mg.com/search/all?name=Mupirocin,https://www.apollopharmacy.in/search-result?searchText=Mupirocin,https://www.1mg.com/search/all?name=Mupirocin
Neomycin,Minor Skin Infection|Rash,Apply 1-3 times daily,Max 7 days; over-the-counter; antibiotic,https://www.amazon.in/s?k=Neomycin,https://www.1mg.com/search/all?name=Neomycin,https://www.apollopharmacy.in/search-result?searchText=Neomycin,https://www.1mg.com/search/all?name=Neomycin
